,city,state,monthly_lease,lease_deposit,equipment_furniture,tools_supplies,licensing_insurance,marketing_decal,total_startup_cost,take_home_annual,take_home_monthly,payback_months,first_year_roc
0,"Houston, TX",TX,1400.0,2800.0,2000.0,1200.0,550.0,750.0,7300.0,43738.25640014004,3644.85470001167,2.0028233224157406,599.1541972621923
1,"Miami, FL",FL,2200.0,4400.0,2800.0,1200.0,550.0,750.0,9700.0,70814.67682152579,5901.223068460483,3.1437270524211085,638.7921878230419
2,"Austin, TX",TX,1850.0,3700.0,2400.0,1200.0,550.0,750.0,8600.0,62239.18633575569,5186.598861312974,3.15811936298905,633.2475353928631
3,"Tampa, FL",FL,1650.0,3300.0,2400.0,1200.0,550.0,750.0,8200.0,58606.616682529006,4883.8847235440835,3.1789913079786034,625.37548289284
4,"Orlando, FL",FL,1650.0,3300.0,2400.0,1200.0,550.0,750.0,8200.0,58606.616682529006,4883.8847235440835,3.1789913079786034,625.37548289284
5,"Las Vegas, NV",NV,1650.0,3300.0,2400.0,1200.0,550.0,750.0,8200.0,58606.616682529006,4883.8847235440835,3.1789913079786034,625.37548289284
6,"Scottsdale, AZ",AZ,1800.0,3600.0,2400.0,1200.0,550.0,750.0,8500.0,60566.61534615565,5047.217945512971,3.1840960885306306,623.4798638574847
7,"San Francisco, CA",CA,2900.0,5800.0,2800.0,1200.0,850.0,750.0,11400.0,79926.70314582367,6660.558595485306,3.2115681570202246,613.4725022157519
8,"Oakland, CA",CA,2300.0,4600.0,2800.0,1200.0,850.0,750.0,10200.0,69260.48729555248,5771.707274629373,3.2672413923062282,594.1463370942001
9,"New Orleans, LA",LA,1500.0,3000.0,2000.0,1200.0,650.0,750.0,7600.0,51336.37336890232,4278.031114075194,3.2765181686021787,591.043772339336
10,"Seattle, WA",WA,2300.0,4600.0,2800.0,1200.0,550.0,750.0,9900.0,65943.19513272491,5495.266261060409,3.3015505581870785,582.8312701124676
11,"Anaheim, CA",CA,2050.0,4100.0,2400.0,1200.0,850.0,750.0,9300.0,61284.76435789911,5107.063696491593,3.321007246568872,576.6039657329218
12,"San Jose, CA",CA,2400.0,4800.0,2800.0,1200.0,850.0,750.0,10400.0,68409.10327475247,5700.758606229373,3.32431860711233,575.5573592827732
13,"Fremont, CA",CA,2400.0,4800.0,2800.0,1200.0,850.0,750.0,10400.0,68409.10327475247,5700.758606229373,3.32431860711233,575.5573592827732
14,"Sacramento, CA",CA,1800.0,3600.0,2400.0,1200.0,850.0,750.0,8800.0,57578.64714615567,4798.220595512973,3.3340132190315024,572.5149574191615
15,"Henderson, NV",NV,1600.0,3200.0,2400.0,1200.0,550.0,750.0,8100.0,52768.0595190106,4397.338293250884,3.342023392294386,570.0253343102997
16,"Irvine, CA",CA,2200.0,4400.0,2800.0,1200.0,850.0,750.0,10000.0,65059.77982152579,5421.648318460483,3.344457517827267,569.2730734383507
17,"Irving, TX",TX,1500.0,3000.0,2000.0,1200.0,550.0,750.0,7500.0,48650.99027007016,4054.249189172513,3.349910957626849,567.5948864841519
18,"Long Beach, CA",CA,1950.0,3900.0,2400.0,1200.0,850.0,750.0,9100.0,58948.396328019735,4912.366360668311,3.352467697210184,566.8115031540359
19,"Santa Ana, CA",CA,1950.0,3900.0,2400.0,1200.0,850.0,750.0,9100.0,58948.396328019735,4912.366360668311,3.352467697210184,566.8115031540359
20,"San Diego, CA",CA,2100.0,4200.0,2400.0,1200.0,850.0,750.0,9400.0,60859.072347499125,5071.589362291594,3.3534623622904314,566.5073223836355
21,"Nashville, TN",TN,1800.0,3600.0,2400.0,1200.0,550.0,750.0,8500.0,54881.93947322751,4573.494956102292,3.358534901991895,564.9611416361655
22,"Chula Vista, CA",CA,1850.0,3700.0,2400.0,1200.0,850.0,750.0,8900.0,57152.955135755685,4762.746261312974,3.368669778252366,561.8970308290587
23,"Plano, TX",TX,1650.0,3300.0,2400.0,1200.0,550.0,750.0,8200.0,52306.367508610594,4358.863959050883,3.3812241164290664,558.1472142687106
24,"Los Angeles, CA",CA,2300.0,4600.0,2800.0,1200.0,850.0,750.0,10200.0,64208.39580072581,5350.699650060485,3.4062927592814334,550.8073169179911
25,"Arlington, TX",TX,1450.0,2900.0,2000.0,1200.0,550.0,750.0,7400.0,46459.96927578224,3871.664106315187,3.4113228309061316,549.3577448149927
26,"Fort Worth, TX",TX,1450.0,2900.0,2000.0,1200.0,550.0,750.0,7400.0,46459.96927578224,3871.664106315187,3.4113228309061316,549.3577448149927
27,"Chandler, AZ",AZ,1500.0,3000.0,2000.0,1200.0,550.0,750.0,7500.0,46973.19677007016,3914.4330641725132,3.4159862685212254,548.0206289841519
28,"Gilbert, AZ",AZ,1500.0,3000.0,2000.0,1200.0,550.0,750.0,7500.0,46973.19677007016,3914.4330641725132,3.4159862685212254,548.0206289841519
29,"Phoenix, AZ",AZ,1500.0,3000.0,2000.0,1200.0,550.0,750.0,7500.0,46973.19677007016,3914.4330641725132,3.4159862685212254,548.0206289841519
30,"St. Petersburg, FL",FL,1600.0,3200.0,2400.0,1200.0,550.0,750.0,8100.0,50380.31925395808,4198.3599378298395,3.4293248125330917,544.2318437927569
31,"Honolulu, HI",HI,2300.0,4600.0,2800.0,1200.0,850.0,750.0,10200.0,63024.458925725805,5252.038243810483,3.4421031467203576,540.6509956863733
32,"Atlanta, GA",GA,1900.0,3800.0,2400.0,1200.0,650.0,750.0,8800.0,53555.487517207104,4462.957293100592,3.471786737373481,532.5119497449571
33,"Charlotte, NC",NC,1550.0,3100.0,2000.0,1200.0,650.0,750.0,7700.0,46761.52344045215,3896.793620037679,3.4759835266630175,531.3809481869562
34,"Dallas, TX",TX,1600.0,3200.0,2400.0,1200.0,550.0,750.0,8100.0,48788.99001197872,4065.7491676648933,3.4922527598160027,527.0415587713751
35,"Glendale, AZ",AZ,1400.0,2800.0,2000.0,1200.0,550.0,750.0,7300.0,43759.7018921194,3646.6418243432836,3.501841790786415,524.516974734308
36,"Washington, DC",DC,2400.0,4800.0,2800.0,1200.0,850.0,750.0,10400.0,61902.89501225272,5158.574584354393,3.516060799342224,520.8176263050108
37,"Mesa, AZ",AZ,1350.0,2700.0,2000.0,1200.0,550.0,750.0,7200.0,42666.76566054004,3555.5638050450034,3.5249953016688638,518.519721569063
38,"Raleigh, NC",NC,1600.0,3200.0,2400.0,1200.0,650.0,750.0,8200.0,48556.6637909342,4046.3886492445167,3.526498369485834,518.1351319154564
39,"Jacksonville, FL",FL,1350.0,2700.0,2000.0,1200.0,550.0,750.0,7200.0,42607.8727664772,3550.6560638731003,3.527794264067962,517.8040093148271
40,"Garland, TX",TX,1350.0,2700.0,2000.0,1200.0,550.0,750.0,7200.0,42607.8727664772,3550.6560638731003,3.527794264067962,517.8040093148271
41,"Denver, CO",CO,1800.0,3600.0,2400.0,1200.0,650.0,750.0,8600.0,50869.73455643151,4239.144546369293,3.5287111953673898,517.569973684623
42,"Corpus Christi, TX",TX,1200.0,2400.0,2000.0,1200.0,550.0,750.0,6900.0,40278.85203028072,3356.5710025233934,3.5556693109762127,510.7825438622555
43,"New York, NY",NY,2800.0,5600.0,2800.0,1200.0,850.0,750.0,11200.0,64824.1402672816,5402.011688940133,3.573301696649498,506.4385958381375
44,"Columbus, OH",OH,1500.0,3000.0,2000.0,1200.0,650.0,750.0,7600.0,43823.04547002736,3651.9204558356137,3.5810968069842604,504.54164192465714
45,"Lubbock, TX",TX,1200.0,2400.0,2000.0,1200.0,550.0,750.0,6900.0,39483.18740929104,3290.26561744092,3.5970951291666946,500.6925939584008
46,"San Antonio, TX",TX,1300.0,2600.0,2000.0,1200.0,550.0,750.0,7100.0,40416.85177218928,3368.070981015773,3.6080315824753546,498.09500423472696
47,"Tucson, AZ",AZ,1250.0,2500.0,2000.0,1200.0,550.0,750.0,7000.0,39453.27078258928,3287.7725652157733,3.629101043685057,493.165884782366
48,"Chicago, IL",IL,2100.0,4200.0,2400.0,1200.0,650.0,750.0,9200.0,51798.37068968479,4316.530890807066,3.63134117019602,492.6475473203716
49,"Baton Rouge, LA",LA,1300.0,2600.0,2000.0,1200.0,650.0,750.0,7200.0,40525.5870268772,3377.1322522397663,3.631986390294561,492.49845345163254
50,"Minneapolis, MN",MN,1750.0,3500.0,2400.0,1200.0,650.0,750.0,8500.0,47649.94819369888,3970.8290161415734,3.6406109317341975,490.51417258219436
51,"Reno, NV",NV,1600.0,3200.0,2400.0,1200.0,550.0,750.0,8100.0,45404.6490681436,3783.720755678633,3.6407499451019123,490.4823201805636
52,"Boston, MA",MA,2400.0,4800.0,2800.0,1200.0,850.0,750.0,10400.0,57941.00261946516,4828.41688495543,3.6539150922126726,487.4843970387693
53,"Anchorage, AK",AK,1700.0,3400.0,2400.0,1200.0,650.0,750.0,8400.0,46796.23495669024,3899.6862463908533,3.654019443942233,487.4607807988566
54,"Newark, NJ",NJ,1900.0,3800.0,2400.0,1200.0,650.0,750.0,8800.0,48391.63046509023,4032.6358720908524,3.6821955363992114,481.16678019265845
55,"Jersey City, NJ",NJ,2300.0,4600.0,2800.0,1200.0,650.0,750.0,10000.0,54699.34487013399,4558.278739177832,3.6938105526656937,478.6192676136723
56,"Portland, OR",OR,1850.0,3700.0,2400.0,1200.0,650.0,750.0,8700.0,47281.83017532111,3940.1525146100926,3.708036355887338,475.53564831501126
57,"Riverside, CA",CA,1650.0,3300.0,2400.0,1200.0,850.0,750.0,8500.0,45793.08004355808,3816.0900036298403,3.727410776977182,471.39935338956843
58,"Durham, NC",NC,1550.0,3100.0,2000.0,1200.0,650.0,750.0,7700.0,41423.96922421793,3451.997435351494,3.73059261897046,470.7269230024765
59,"Stockton, CA",CA,1450.0,2900.0,2000.0,1200.0,850.0,750.0,7700.0,41136.17263171941,3428.0143859766176,3.7461982748670186,467.45650717862975
60,"Baltimore, MD",MD,1700.0,3400.0,2400.0,1200.0,650.0,750.0,8400.0,44460.35623355879,3705.0296861298993,3.767188311998182,463.1287107662375
61,"Fresno, CA",CA,1350.0,2700.0,2000.0,1200.0,850.0,750.0,7500.0,39644.95776647719,3303.7464805397663,3.770149977965213,462.5245072755672
62,"Richmond, VA",VA,1450.0,2900.0,2000.0,1200.0,650.0,750.0,7500.0,39295.12930704712,3274.5941089205935,3.7903601944340606,458.44317524888305
63,"Detroit, MI",MI,1400.0,2800.0,2000.0,1200.0,650.0,750.0,7400.0,38739.35739958981,3228.279783299151,3.792242462466356,458.06672600866324
64,"Laredo, TX",TX,1100.0,2200.0,2000.0,1200.0,550.0,750.0,6700.0,34788.9801132736,2899.0816761061337,3.8110766610063305,454.3336955091702
65,"Spokane, WA",WA,1400.0,2800.0,2000.0,1200.0,550.0,750.0,7300.0,37759.8373369378,3146.6531114114837,3.8199252480440924,452.6007899975422
66,"Philadelphia, PA",PA,2166.0,4332.0,2400.0,1200.0,850.0,750.0,9532.0,48446.5902569459,4037.2158547454915,3.8610330343857484,444.72058827976986
67,"Bakersfield, CA",CA,1300.0,2600.0,2000.0,1200.0,850.0,750.0,7400.0,37596.30577218928,3133.025481015773,3.8619341894406842,444.5509128468326
68,"Virginia Beach, VA",VA,1400.0,2800.0,2000.0,1200.0,650.0,750.0,7400.0,37505.40837947631,3125.4506982896924,3.8676585281122575,443.47611259515907
69,"Memphis, TN",TN,1200.0,2400.0,2000.0,1200.0,550.0,750.0,6900.0,34884.075473510406,2907.0062894592006,3.873575875986023,442.3705223090088
70,"El Paso, TX",TX,1150.0,2300.0,2000.0,1200.0,550.0,750.0,6800.0,34318.36632127359,2859.8638601061325,3.8777355610723525,441.5966254575646
71,"Boise, ID",ID,1500.0,3000.0,2000.0,1200.0,650.0,750.0,7600.0,38100.730015339126,3175.0608346115937,3.893654923758244,438.6597205713387
72,"Chesapeake, VA",VA,1350.0,2700.0,2000.0,1200.0,650.0,750.0,7300.0,36590.02133959119,3049.168444965933,3.894095351489039,438.5790229060588
73,"Norfolk, VA",VA,1350.0,2700.0,2000.0,1200.0,650.0,750.0,7300.0,36590.02133959119,3049.168444965933,3.894095351489039,438.5790229060588
74,"Colorado Springs, CO",CO,1500.0,3000.0,2000.0,1200.0,650.0,750.0,7600.0,38082.63998812216,3173.5533323435134,3.8947919584473385,438.45144723166965
75,"Cincinnati, OH",OH,1400.0,2800.0,2000.0,1200.0,650.0,750.0,7400.0,36671.21499596369,3055.934582996974,3.9215178038080825,433.61233947930043
76,"Madison, WI",WI,1550.0,3100.0,2000.0,1200.0,650.0,750.0,7700.0,37659.071400468485,3138.2559500390403,3.9535920978351724,427.9439931871419
77,"Winston-Salem, NC",NC,1300.0,2600.0,2000.0,1200.0,650.0,750.0,7200.0,35008.39331192534,2917.3661093271116,3.9679795850719177,425.44922427687044
78,"Greensboro, NC",NC,1300.0,2600.0,2000.0,1200.0,650.0,750.0,7200.0,35008.39331192534,2917.3661093271116,3.9679795850719177,425.44922427687044
79,"Kansas City, MO",MO,1400.0,2800.0,2000.0,1200.0,650.0,750.0,7400.0,35904.259715963686,2992.0216429969737,3.973244141572369,424.54361150632735
80,"St. Louis, MO",MO,1350.0,2700.0,2000.0,1200.0,650.0,750.0,7300.0,35034.8313223378,2919.569276861483,4.000368824214869,419.9380466718571
81,"Indianapolis, IN",IN,1400.0,2800.0,2000.0,1200.0,650.0,750.0,7400.0,35138.4188119378,2928.2015676614833,4.027148431899031,415.48806027629155
82,"St. Paul, MN",MN,1600.0,3200.0,2400.0,1200.0,650.0,750.0,8200.0,38146.78883281459,3178.899069401216,4.079509390194188,407.0541491306435
83,"Albuquerque, NM",NM,1250.0,2500.0,2000.0,1200.0,650.0,750.0,7100.0,32952.635538508795,2746.0529615423998,4.085529157460998,406.1064238900732
84,"Louisville, KY",KY,1300.0,2600.0,2000.0,1200.0,650.0,750.0,7200.0,33193.82742937919,2766.1522857815994,4.102893570613947,403.3972083431498
85,"Lexington, KY",KY,1300.0,2600.0,2000.0,1200.0,650.0,750.0,7200.0,33168.06489937919,2764.005408281599,4.104915308207117,403.08412204106656
86,"Pittsburgh, PA",PA,1500.0,3000.0,2000.0,1200.0,850.0,750.0,7800.0,35547.4078251112,2962.283985425933,4.133103388593067,398.7689980381064
87,"Milwaukee, WI",WI,1400.0,2800.0,2000.0,1200.0,650.0,750.0,7400.0,33436.64451564,2786.38704297,4.155768881308164,395.36572907006763
88,"Oklahoma City, OK",OK,1200.0,2400.0,2000.0,1200.0,650.0,750.0,7000.0,31507.44155316479,2625.620129430399,4.166036842701452,393.8430194145599
89,"Tulsa, OK",OK,1200.0,2400.0,2000.0,1200.0,650.0,750.0,7000.0,31507.44155316479,2625.620129430399,4.166036842701452,393.8430194145599
90,"Cleveland, OH",OH,1300.0,2600.0,2000.0,1200.0,650.0,750.0,7200.0,31754.139478092795,2646.178289841066,4.220905098360717,385.9010006018222
91,"Fort Wayne, IN",IN,1200.0,2400.0,2000.0,1200.0,650.0,750.0,7000.0,30657.184402646395,2554.7653668871994,4.23997764754773,383.21480503308
92,"Des Moines, IA",IA,1300.0,2600.0,2000.0,1200.0,650.0,750.0,7200.0,31519.808241811188,2626.650686817599,4.241133427499409,383.0532251608999
93,"Omaha, NE",NE,1300.0,2600.0,2000.0,1200.0,650.0,750.0,7200.0,31451.88701781119,2620.990584817599,4.247052981306709,382.2277936192332
94,"Buffalo, NY",NY,1300.0,2600.0,2000.0,1200.0,850.0,750.0,7400.0,31992.2241531744,2666.0186794312,4.275674475611252,378.2864342436162
95,"Wichita, KS",KS,1150.0,2300.0,2000.0,1200.0,650.0,750.0,6900.0,28547.3720838096,2378.9476736508,4.400442105736216,362.01377642512176
96,"Lincoln, NE",NE,1250.0,2500.0,2000.0,1200.0,650.0,750.0,7100.0,28890.480814828792,2407.540067902399,4.449068260444765,356.04465792922804
97,"Toledo, OH",OH,1150.0,2300.0,2000.0,1200.0,650.0,750.0,6900.0,27448.672658911997,2287.3893882426664,4.516539306978715,348.08099386301444
