,city,state,days_worked,gross_rev,lease_annual,pretax_profit,se_tax,state_city_tax,federal_tax,health_insurance,total_tax,take_home,aov,utilization,total_cuts,total_bundles,population_est,existing_shops_est,saturation_pct_low,saturation_pct_high,wills_share_pct_low,wills_share_pct_high,feasibility
0,"San Francisco, CA",CA,245,163776.0,37200.0,117100.91999999998,16545.833041859998,7026.055199999999,7602.328612316317,6000.0,31174.216854176313,79926.70314582367,85.16692667706708,84.02721088435374,1923,786,810000,433,51.13814833160145,165.5282249023884,0.17585733882030177,0.33915343915343915,Sensitive to assumptions - ranges from headroom to saturated
1,"Miami, FL",FL,245,133275.0,28800.0,95914.95,13552.350817724999,0.0,5547.9223607492,6000.0,19100.2731784742,70814.67682152579,69.30577223088923,84.02721088435374,1923,786,450000,258,54.78528624496546,177.33358517587087,0.3165432098765432,0.6104761904761904,Sensitive to assumptions - ranges from headroom to saturated
2,"Oakland, CA",CA,245,140616.0,30000.0,101835.72,14388.928975259998,6110.1431999999995,6076.160529187519,6000.0,26575.232704447517,69260.48729555248,73.1232449297972,84.02721088435374,1923,786,435000,233,51.13814833160145,165.52822490238836,0.32745849297573437,0.6315270935960591,Sensitive to assumptions - ranges from headroom to saturated
3,"Fremont, CA",CA,245,140616.0,31200.0,100635.72,14219.374375259998,6038.1431999999995,5969.09914998752,6000.0,26226.616725247517,68409.10327475247,73.1232449297972,84.02721088435374,1923,786,230000,123,51.138148331601464,165.52822490238842,0.6193236714975845,1.1944099378881987,Sensitive to assumptions - ranges from headroom to saturated
4,"San Jose, CA",CA,245,140616.0,31200.0,100635.72,14219.374375259998,6038.1431999999995,5969.09914998752,6000.0,26226.616725247517,68409.10327475247,73.1232449297972,84.02721088435374,1923,786,970000,519,51.13814833160145,165.52822490238833,0.1468499427262314,0.2832106038291605,Sensitive to assumptions - ranges from headroom to saturated
5,"Seattle, WA",WA,240,127549.0,30000.0,89584.12999999999,12657.834440414998,0.0,4983.100426860079,6000.0,17640.93486727508,65943.19513272491,73.17785427423982,77.79629629629629,1743,715,740000,342,44.22332780541736,143.14575692963754,0.17447447447447448,0.3364864864864865,Sensitive to assumptions - ranges from headroom to saturated
6,"Irvine, CA",CA,245,133275.0,28800.0,95914.95,13552.350817724999,5754.897,5547.9223607492,6000.0,24855.170178474196,65059.77982152579,69.30577223088923,84.02721088435374,1923,786,310000,166,51.138148331601464,165.52822490238842,0.45949820788530465,0.8861751152073734,Sensitive to assumptions - ranges from headroom to saturated
7,"New York, NY",NY,234,145740.0,36000.0,101112.4,14286.727114199999,9989.90512,6011.627498518399,6000.0,30288.259732718398,64824.140267281604,81.87640449438203,81.88034188034187,1780,751,8260000,3820,44.22332780541737,143.14575692963754,0.015962693928795624,0.03078519543410585,Sensitive to assumptions - ranges from headroom to saturated
8,"Los Angeles, CA",CA,245,133275.0,30000.0,94714.95,13382.796217725,5682.897,5440.8609815492,6000.0,24506.5541992742,64208.395800725804,69.30577223088923,84.02721088435374,1923,786,3820000,2043,51.13814833160145,165.52822490238836,0.0372891215823153,0.0719147344801795,Sensitive to assumptions - ranges from headroom to saturated
9,"Honolulu, HI",HI,245,133275.0,30000.0,94714.95,13382.796217725,6866.833874999999,5440.8609815492,6000.0,25690.4910742742,63024.458925725805,69.30577223088923,84.02721088435374,1923,786,345000,160,44.22332780541736,143.1457569296375,0.41288244766505633,0.7962732919254658,Sensitive to assumptions - ranges from headroom to saturated
10,"Austin, TX",TX,245,117456.0,24600.0,84770.51999999999,11977.693008659997,0.0,4553.640655584319,6000.0,16531.333664244317,62239.18633575569,61.0795631825273,84.02721088435374,1923,786,970000,634,62.52971281542846,202.40139120559087,0.1468499427262314,0.2832106038291605,Sensitive to assumptions - ranges from headroom to saturated
11,"Washington, DC",DC,234,131534.0,31200.0,92114.58,13015.375638389998,5987.447700000001,5208.861649357281,6000.0,24211.68498774728,61902.89501225272,73.77117218171621,82.16524216524218,1783,760,680000,314,44.22332780541736,143.1457569296375,0.19422657952069716,0.3745798319327731,Sensitive to assumptions - ranges from headroom to saturated
12,"Anaheim, CA",CA,245,125934.0,27000.0,90594.18,12800.54996019,5435.650799999999,5073.214881910879,6000.0,23309.415642100874,61284.76435789911,65.48829953198128,84.02721088435374,1923,786,345000,184,51.13814833160145,165.5282249023884,0.41288244766505633,0.7962732919254658,Sensitive to assumptions - ranges from headroom to saturated
13,"San Diego, CA",CA,245,125934.0,27600.0,89994.18,12715.772660189998,5399.650799999999,5019.684192310879,6000.0,23135.107652500876,60859.072347499125,65.48829953198128,84.02721088435374,1923,786,1380000,738,51.13814833160145,165.5282249023884,0.10322061191626408,0.19906832298136645,Sensitive to assumptions - ranges from headroom to saturated
14,"Scottsdale, AZ",AZ,245,117456.0,24000.0,85370.51999999999,12062.470308659998,2134.263,4607.171345184319,6000.0,18803.904653844314,60566.61534615565,61.0795631825273,84.02721088435374,1923,786,245000,113,44.22332780541736,143.14575692963754,0.5814058956916099,1.1212827988338192,Sensitive to assumptions - ranges from headroom to saturated
15,"Santa Ana, CA",CA,245,121302.0,25800.0,87301.13999999998,12335.258226869999,5238.068399999999,4779.417045110238,6000.0,22352.743671980235,58948.396328019735,63.0795631825273,84.02721088435374,1923,786,310000,166,51.138148331601464,165.52822490238842,0.45949820788530465,0.8861751152073734,Sensitive to assumptions - ranges from headroom to saturated
16,"Long Beach, CA",CA,245,121302.0,25800.0,87301.13999999998,12335.258226869999,5238.068399999999,4779.417045110238,6000.0,22352.743671980235,58948.396328019735,63.0795631825273,84.02721088435374,1923,786,455000,243,51.13814833160145,165.5282249023884,0.31306471306471306,0.603767660910518,Sensitive to assumptions - ranges from headroom to saturated
17,"Las Vegas, NV",NV,245,110115.0,22200.0,80049.75,11310.669451124999,0.0,4132.463866346001,6000.0,15443.133317471,58606.616682529006,57.262090483619346,84.02721088435374,1923,786,660000,305,44.223327805417355,143.14575692963749,0.21582491582491584,0.41623376623376623,Sensitive to assumptions - ranges from headroom to saturated
18,"Tampa, FL",FL,245,110115.0,22200.0,80049.75,11310.669451124999,0.0,4132.463866346001,6000.0,15443.133317471,58606.616682529006,57.262090483619346,84.02721088435374,1923,786,385000,221,54.78528624496545,177.33358517587087,0.36998556998557003,0.713543599257885,Sensitive to assumptions - ranges from headroom to saturated
19,"Orlando, FL",FL,245,110115.0,22200.0,80049.75,11310.669451124999,0.0,4132.463866346001,6000.0,15443.133317471,58606.616682529006,57.262090483619346,84.02721088435374,1923,786,310000,178,54.785286244965434,177.33358517587087,0.45949820788530465,0.8861751152073734,Sensitive to assumptions - ranges from headroom to saturated
20,"Boston, MA",MA,228,128927.0,31200.0,89672.98999999999,12670.389958544998,8070.569099999999,4991.028321989839,6000.0,25731.98738053484,57941.00261946516,73.50456100342075,82.70955165692008,1754,735,650000,301,44.22332780541736,143.14575692963754,0.1998860398860399,0.3854945054945055,Sensitive to assumptions - ranges from headroom to saturated
21,"Sacramento, CA",CA,245,117456.0,24000.0,85370.51999999999,12062.470308659998,5122.231199999999,4607.171345184319,6000.0,21791.872853844317,57578.64714615567,61.0795631825273,84.02721088435374,1923,786,525000,281,51.13814833160145,165.52822490238833,0.27132275132275135,0.523265306122449,Sensitive to assumptions - ranges from headroom to saturated
22,"Chula Vista, CA",CA,245,117456.0,24600.0,84770.51999999999,11977.693008659997,5086.231199999999,4553.640655584319,6000.0,21617.564864244312,57152.955135755685,61.0795631825273,84.02721088435374,1923,786,275000,147,51.13814833160145,165.5282249023884,0.517979797979798,0.998961038961039,Sensitive to assumptions - ranges from headroom to saturated
23,"Nashville, TN",TN,240,106544.0,24000.0,75209.27999999998,10626.732822239997,0.0,3700.6077045324773,6000.0,14327.340526772474,54881.93947322751,61.12679288582903,77.79629629629629,1743,715,690000,319,44.22332780541736,143.1457569296375,0.18711755233494365,0.3608695652173913,Sensitive to assumptions - ranges from headroom to saturated
24,"Jersey City, NJ",NJ,233,119410.0,30000.0,81738.49999999999,11549.282226749998,5206.74245,4283.130453115999,6000.0,21039.155129865998,54699.34487013399,69.50523864959256,79.12255603242728,1718,712,290000,134,44.22332780541737,143.14575692963754,0.4388250319284802,0.8463054187192118,Sensitive to assumptions - ranges from headroom to saturated
25,"Atlanta, GA",GA,244,111894.0,25200.0,79131.17999999998,11180.879643689997,4344.301781999999,4050.511057102878,6000.0,19575.692482792874,53555.487517207104,62.897133220910625,77.8688524590164,1779,717,500000,231,44.223327805417355,143.1457569296375,0.26355555555555554,0.5082857142857142,Sensitive to assumptions - ranges from headroom to saturated
26,"Henderson, NV",NV,245,101295.0,21600.0,72462.15,10238.575715325,0.0,3455.5147656644,6000.0,13694.0904809894,52768.059519010596,57.00337647720878,77.36961451247166,1777,711,320000,148,44.22332780541737,143.14575692963754,0.4113425925925926,0.7933035714285713,Sensitive to assumptions - ranges from headroom to saturated
27,"Plano, TX",TX,245,101295.0,22200.0,71862.15,10153.798415324998,0.0,3401.9840760643992,6000.0,13555.782491389396,52306.367508610594,57.00337647720878,77.36961451247166,1777,711,290000,190,62.52971281542846,202.4013912055908,0.4538952745849298,0.8753694581280789,Sensitive to assumptions - ranges from headroom to saturated
28,"Chicago, IL",IL,228,111220.0,27600.0,76097.19999999998,10752.191922599995,3766.811399999999,3779.8259877151977,6000.0,18298.829310315192,51798.37068968479,63.409350057012546,82.70955165692008,1754,735,2660000,1230,44.223327805417355,143.14575692963749,0.04884433305485937,0.09419978517722878,Sensitive to assumptions - ranges from headroom to saturated
29,"New Orleans, LA",LA,245,102774.0,20400.0,74728.98,10558.86859359,3175.98165,3657.7563875076785,6000.0,17392.60663109768,51336.373368902314,53.44461778471139,84.02721088435374,1923,786,365000,169,44.22332780541736,143.1457569296375,0.3902587519025875,0.7526418786692759,Sensitive to assumptions - ranges from headroom to saturated
30,"Denver, CO",CO,233,105504.0,24000.0,74240.27999999998,10489.817482739996,3266.5723199999993,3614.1556408284787,6000.0,17370.545443568473,50869.73455643151,61.19721577726218,79.33237958989032,1724,711,715000,331,44.22332780541736,143.14575692963754,0.1786065786065786,0.3444555444555445,Sensitive to assumptions - ranges from headroom to saturated
31,"St. Petersburg, FL",FL,245,98096.0,21600.0,69359.12,9800.131539959999,0.0,3178.6692060819196,6000.0,12978.800746041918,50380.31925395808,55.203151378728194,77.36961451247166,1777,711,260000,149,54.785286244965434,177.33358517587087,0.5062678062678062,0.9763736263736265,Sensitive to assumptions - ranges from headroom to saturated
32,"Dallas, TX",TX,245,95964.0,21600.0,67291.08,9507.92679414,0.0,2994.1631938812798,6000.0,12502.089988021278,48788.99001197872,54.00337647720878,77.36961451247166,1777,711,1300000,850,62.52971281542846,202.40139120559087,0.10125356125356125,0.19527472527472528,Sensitive to assumptions - ranges from headroom to saturated
33,"Irving, TX",TX,245,94542.0,20400.0,67111.74,9482.58685917,0.0,2978.1628707598406,6000.0,12460.749729929841,48650.990270070164,53.203151378728194,77.36961451247166,1777,711,255000,167,62.52971281542846,202.40139120559087,0.5161946259985476,0.9955182072829132,Sensitive to assumptions - ranges from headroom to saturated
34,"Raleigh, NC",NC,240,99885.0,21600.0,71150.04999999999,10053.181889774998,3201.7522499999995,3338.452069290798,6000.0,16593.386209065797,48556.663790934195,57.306368330464714,77.79629629629629,1743,715,470000,217,44.223327805417355,143.1457569296375,0.27470449172576833,0.5297872340425532,Sensitive to assumptions - ranges from headroom to saturated
35,"Philadelphia, PA",PA,234,109264.0,28392.0,73346.87999999998,10363.584083039996,5002.257215999998,3534.4484440140786,6000.0,18900.289743054072,48446.5902569459,61.48790095666854,81.72839506172839,1777,749,1550000,717,44.22332780541736,143.14575692963754,0.08492234169653524,0.16377880184331797,Sensitive to assumptions - ranges from headroom to saturated
36,"Newark, NJ",NJ,233,105248.0,25200.0,72801.35999999999,10286.504561879998,4637.446631999999,3485.778341029759,6000.0,18409.729534909755,48391.63046509023,61.261932479627475,79.12255603242728,1718,712,305000,141,44.22332780541736,143.14575692963754,0.41724347298117787,0.8046838407494145,Sensitive to assumptions - ranges from headroom to saturated
37,"Minneapolis, MN",MN,227,102656.0,23400.0,72190.31999999999,10200.167359559999,4908.94176,3431.262686741119,6000.0,18540.37180630112,47649.948193698874,60.95961995249406,79.29515418502203,1684,682,430000,199,44.22332780541737,143.14575692963757,0.2900947459086994,0.5594684385382059,Sensitive to assumptions - ranges from headroom to saturated
38,"Portland, OR",OR,234,105584.0,24600.0,73714.68,10415.552567939998,6450.034499999999,3567.262756738879,6000.0,20432.849824678873,47281.83017532111,61.20811594202898,79.05033238366572,1725,712,630000,291,44.22332780541737,143.14575692963754,0.20282186948853614,0.39115646258503406,Sensitive to assumptions - ranges from headroom to saturated
39,"Phoenix, AZ",AZ,245,94542.0,20400.0,67111.74,9482.58685917,1677.7935000000002,2978.1628707598406,6000.0,14138.54322992984,46973.196770070164,53.203151378728194,77.36961451247166,1777,711,1650000,763,44.22332780541737,143.14575692963754,0.07977553310886644,0.15385281385281385,Sensitive to assumptions - ranges from headroom to saturated
40,"Gilbert, AZ",AZ,245,94542.0,20400.0,67111.74,9482.58685917,1677.7935000000002,2978.1628707598406,6000.0,14138.54322992984,46973.196770070164,53.203151378728194,77.36961451247166,1777,711,275000,127,44.22332780541736,143.14575692963754,0.47865319865319866,0.9231168831168831,Sensitive to assumptions - ranges from headroom to saturated
41,"Chandler, AZ",AZ,245,94542.0,20400.0,67111.74,9482.58685917,1677.7935000000002,2978.1628707598406,6000.0,14138.54322992984,46973.196770070164,53.203151378728194,77.36961451247166,1777,711,275000,127,44.22332780541736,143.14575692963754,0.47865319865319866,0.9231168831168831,Sensitive to assumptions - ranges from headroom to saturated
42,"Anchorage, AK",AK,221,93968.0,22800.0,64701.359999999986,9142.011011879997,0.0,2763.114031429759,6000.0,11905.125043309756,46796.234956690234,60.82071197411003,74.59024635495224,1545,619,290000,134,44.22332780541737,143.14575692963754,0.39463601532567055,0.7610837438423645,Sensitive to assumptions - ranges from headroom to saturated
43,"Charlotte, NC",NC,240,96712.0,21000.0,68672.23999999999,9703.078486919998,3090.2507999999993,3117.387272627839,6000.0,15910.716559547836,46761.52344045215,55.4859437751004,77.79629629629629,1743,715,900000,416,44.22332780541737,143.14575692963757,0.1434567901234568,0.27666666666666667,Sensitive to assumptions - ranges from headroom to saturated
44,"Arlington, TX",TX,245,90988.0,19800.0,64264.36,9080.26487838,0.0,2724.1258458377606,6000.0,11804.39072421776,46459.96927578224,51.203151378728194,77.36961451247166,1777,711,400000,262,62.529712815428475,202.40139120559087,0.3290740740740741,0.6346428571428572,Sensitive to assumptions - ranges from headroom to saturated
45,"Fort Worth, TX",TX,245,90988.0,19800.0,64264.36,9080.26487838,0.0,2724.1258458377606,6000.0,11804.39072421776,46459.96927578224,51.203151378728194,77.36961451247166,1777,711,950000,621,62.52971281542846,202.40139120559087,0.13855750487329435,0.26721804511278197,Sensitive to assumptions - ranges from headroom to saturated
46,"Riverside, CA",CA,245,98096.0,22200.0,68759.12,9715.35423996,4125.5472,3125.1385164819194,6000.0,16966.039956441917,45793.080043558075,55.203151378728194,77.36961451247166,1777,711,315000,168,51.13814833160145,165.52822490238836,0.4178718400940623,0.8058956916099773,Sensitive to assumptions - ranges from headroom to saturated
47,"Reno, NV",NV,236,90990.0,21600.0,62892.899999999994,8886.48375195,0.0,2601.7671799063996,6000.0,11488.250931856399,45404.6490681436,57.01127819548872,72.14689265536724,1596,639,265000,123,44.22332780541736,143.14575692963754,0.44612159329140466,0.8603773584905661,Sensitive to assumptions - ranges from headroom to saturated
48,"Baltimore, MD",MD,233,98670.0,22800.0,68820.69999999998,9724.055216849998,5505.655999999999,3130.6325495911983,6000.0,18360.343766441194,44460.356233558785,57.43306169965076,79.12255603242728,1718,712,570000,264,44.22332780541737,143.1457569296375,0.22326185834957765,0.4305764411027569,Sensitive to assumptions - ranges from headroom to saturated
49,"Columbus, OH",OH,233,92092.0,20400.0,64840.03999999999,9161.605871819998,3079.9019,2775.4867581526396,6000.0,15016.994529972637,43823.045470027355,53.60419091967404,79.12255603242728,1718,712,910000,421,44.22332780541736,143.1457569296375,0.13984533984533987,0.269701726844584,Sensitive to assumptions - ranges from headroom to saturated
50,"Glendale, AZ",AZ,245,88855.0,19200.0,62795.350000000006,8872.700375925,1569.8837500000002,2593.063981955601,6000.0,13035.648107880603,43759.7018921194,50.002813731007315,77.36961451247166,1777,711,250000,116,44.223327805417355,143.1457569296375,0.5265185185185185,1.0154285714285716,Sensitive to assumptions - ranges from headroom to saturated
51,"Houston, TX",TX,245,86723.0,19200.0,60727.31,8580.495630104999,0.0,2408.55796975496,6000.0,10989.053599859959,43738.25640014004,48.8030388294879,77.36961451247166,1777,711,2300000,1504,62.52971281542846,202.4013912055908,0.05723027375201289,0.11037267080745342,Sensitive to assumptions - ranges from headroom to saturated
52,"Mesa, AZ",AZ,245,86723.0,18600.0,61327.31,8665.272930105,1533.18275,2462.0886593549594,6000.0,12660.54433945996,42666.76566054004,48.8030388294879,77.36961451247166,1777,711,510000,236,44.22332780541737,143.14575692963754,0.2580973129992738,0.4977591036414566,Sensitive to assumptions - ranges from headroom to saturated
53,"Jacksonville, FL",FL,245,84590.0,18600.0,59258.29999999999,8372.931127649998,0.0,2277.496105872799,6000.0,10650.427233522796,42607.872766477194,47.602701181767024,77.36961451247166,1777,711,970000,556,54.785286244965434,177.33358517587087,0.13570064910271096,0.2617083946980854,Sensitive to assumptions - ranges from headroom to saturated
54,"Garland, TX",TX,245,84590.0,18600.0,59258.29999999999,8372.931127649998,0.0,2277.496105872799,6000.0,10650.427233522796,42607.872766477194,47.602701181767024,77.36961451247166,1777,711,245000,160,62.52971281542846,202.40139120559087,0.5372637944066515,1.0361516034985423,Sensitive to assumptions - ranges from headroom to saturated
55,"Durham, NC",NC,238,88764.0,21000.0,61304.880000000005,8662.10367204,2758.7196,2460.0875037420806,6000.0,13880.910775782082,41423.96922421793,55.30467289719626,72.04481792717087,1605,648,285000,132,44.22332780541737,143.1457569296375,0.41715399610136455,0.8045112781954886,Sensitive to assumptions - ranges from headroom to saturated
56,"Stockton, CA",CA,245,88855.0,19800.0,62195.350000000006,8787.923075925,3731.721,2539.5332923556,6000.0,15059.1773682806,41136.17263171941,50.002813731007315,77.36961451247166,1777,711,320000,171,51.13814833160145,165.52822490238836,0.4113425925925926,0.7933035714285713,Sensitive to assumptions - ranges from headroom to saturated
57,"Baton Rouge, LA",LA,245,84590.0,18000.0,59858.29999999999,8457.708427649997,2543.9777499999996,2331.026795472799,6000.0,13332.712973122796,40525.5870268772,47.602701181767024,77.36961451247166,1777,711,225000,104,44.22332780541737,143.14575692963757,0.5850205761316872,1.1282539682539683,Sensitive to assumptions - ranges from headroom to saturated
58,"San Antonio, TX",TX,245,81036.0,18000.0,56410.92,7970.609146859999,0.0,2023.4590809507204,6000.0,9994.06822781072,40416.85177218928,45.602701181767024,77.36961451247166,1777,711,1470000,961,62.529712815428475,202.40139120559087,0.08954396573444193,0.17269193391642373,Sensitive to assumptions - ranges from headroom to saturated
59,"Corpus Christi, TX",TX,245,79614.0,16800.0,56231.58,7945.26921189,0.0,2007.4587578292799,6000.0,9952.72796971928,40278.85203028072,44.802476083286436,77.36961451247166,1777,711,315000,206,62.52971281542846,202.40139120559087,0.4178718400940623,0.8058956916099773,Sensitive to assumptions - ranges from headroom to saturated
60,"Fresno, CA",CA,245,84590.0,18600.0,59258.29999999999,8372.931127649998,2962.9149999999995,2277.496105872799,6000.0,13613.342233522795,39644.95776647719,47.602701181767024,77.36961451247166,1777,711,545000,291,51.13814833160145,165.52822490238836,0.2415222562011553,0.46579292267365663,Sensitive to assumptions - ranges from headroom to saturated
61,"Lubbock, TX",TX,245,78548.0,16800.0,55197.56,7799.166838979999,0.0,1915.2057517289595,6000.0,9714.372590708957,39483.187409291044,44.202588632526734,77.36961451247166,1777,711,260000,170,62.52971281542846,202.40139120559087,0.5062678062678062,0.9763736263736265,Sensitive to assumptions - ranges from headroom to saturated
62,"Tucson, AZ",AZ,245,81036.0,17400.0,57010.92,8055.386446859999,1425.2730000000001,2076.98977055072,6000.0,11557.649217410719,39453.27078258928,45.602701181767024,77.36961451247166,1777,711,545000,252,44.22332780541737,143.14575692963754,0.2415222562011553,0.46579292267365663,Sensitive to assumptions - ranges from headroom to saturated
63,"Richmond, VA",VA,238,85554.0,19800.0,59391.17999999999,8391.70647369,3414.9928499999996,2289.35136926288,6000.0,14096.050692952878,39295.129307047115,53.30467289719626,72.04481792717087,1605,648,225000,104,44.22332780541737,143.14575692963757,0.528395061728395,1.019047619047619,Sensitive to assumptions - ranges from headroom to saturated
64,"Detroit, MI",MI,232,85135.0,19200.0,59360.95,8387.435110724999,3947.503175,2286.6543146852,6000.0,14621.592600410198,38739.357399589804,50.10888758092996,78.25670498084291,1699,687,620000,287,44.22332780541737,143.14575692963757,0.2029868578255675,0.39147465437788015,Sensitive to assumptions - ranges from headroom to saturated
65,"St. Paul, MN",MN,225,86415.0,21600.0,58643.149999999994,8286.013200824998,3987.7342,2222.6137663603995,6000.0,14496.361167185398,38146.78883281459,57.190602250165455,71.82222222222222,1511,614,305000,141,44.22332780541736,143.14575692963754,0.36697024893746205,0.7077283372365339,Sensitive to assumptions - ranges from headroom to saturated
66,"Boise, ID",ID,231,84434.0,20400.0,57754.18000000001,8160.405740190001,3349.7424400000004,2143.3018044708806,6000.0,13653.449984660881,38100.730015339126,53.33796588755528,73.24675324675324,1583,641,240000,111,44.22332780541736,143.14575692963754,0.4885802469135802,0.9422619047619047,Sensitive to assumptions - ranges from headroom to saturated
67,"Colorado Springs, CO",CO,231,83202.0,20400.0,56614.740000000005,7999.40799567,2491.04856,2041.6434562078407,6000.0,12532.100011877841,38082.63998812216,53.232245681381954,72.20779220779221,1563,627,480000,222,44.22332780541736,143.14575692963754,0.24120370370370373,0.46517857142857144,Sensitive to assumptions - ranges from headroom to saturated
68,"Spokane, WA",WA,231,78195.0,19200.0,52957.95,7482.720024225,0.0,1715.3926388372001,6000.0,9198.1126630622,37759.8373369378,50.02879078694818,72.20779220779221,1563,627,230000,106,44.22332780541736,143.14575692963754,0.5033816425120773,0.970807453416149,Sensitive to assumptions - ranges from headroom to saturated
69,"Madison, WI",WI,226,83836.0,21000.0,56734.72,8016.360629759999,3006.94016,2052.3478097715197,6000.0,13075.64859953152,37659.071400468485,55.373844121532365,71.64208456243854,1514,615,270000,125,44.223327805417355,143.1457569296375,0.41536351165980795,0.8010582010582011,Sensitive to assumptions - ranges from headroom to saturated
70,"Bakersfield, CA",CA,245,81036.0,18000.0,56410.92,7970.609146859999,2820.5460000000003,2023.4590809507204,6000.0,12814.61422781072,37596.30577218928,45.602701181767024,77.36961451247166,1777,711,405000,217,51.13814833160145,165.5282249023884,0.32501143118427067,0.6268077601410934,Sensitive to assumptions - ranges from headroom to saturated
71,"Virginia Beach, VA",VA,238,82344.0,19200.0,56877.47999999998,8036.531975339996,3270.455099999999,2065.0845451836785,6000.0,13372.071620523675,37505.40837947631,51.30467289719626,72.04481792717087,1605,648,460000,213,44.22332780541736,143.14575692963754,0.2584541062801932,0.4984472049689441,Sensitive to assumptions - ranges from headroom to saturated
72,"Cincinnati, OH",OH,231,80076.0,19200.0,54782.520000000004,7740.52355466,2492.60466,1878.1767893763201,6000.0,12111.30500403632,36671.21499596369,51.232245681381954,72.20779220779221,1563,627,310000,143,44.22332780541737,143.14575692963757,0.3734767025089606,0.7202764976958526,Sensitive to assumptions - ranges from headroom to saturated
73,"Norfolk, VA",VA,238,80400.0,18600.0,55591.79999999999,7854.871176899998,3196.5284999999994,1950.3789835087991,6000.0,13001.778660408796,36590.021339591185,50.09345794392523,72.04481792717087,1605,648,235000,109,44.223327805417355,143.1457569296375,0.5059101654846336,0.9756838905775077,Sensitive to assumptions - ranges from headroom to saturated
74,"Chesapeake, VA",VA,238,80400.0,18600.0,55591.79999999999,7854.871176899998,3196.5284999999994,1950.3789835087991,6000.0,13001.778660408796,36590.021339591185,50.09345794392523,72.04481792717087,1605,648,250000,116,44.223327805417355,143.1457569296375,0.47555555555555556,0.9171428571428571,Sensitive to assumptions - ranges from headroom to saturated
75,"Kansas City, MO",MO,231,80076.0,19200.0,54782.520000000004,7740.52355466,3259.55994,1878.1767893763201,6000.0,12878.260284036322,35904.259715963686,51.232245681381954,72.20779220779221,1563,627,510000,236,44.22332780541737,143.14575692963754,0.22701525054466232,0.43781512605042017,Sensitive to assumptions - ranges from headroom to saturated
76,"Pittsburgh, PA",PA,226,80780.0,20400.0,54371.8,7682.4906669,3300.36826,1841.5332479888002,6000.0,12824.3921748888,35547.4078251112,53.3553500660502,71.62241887905606,1514,614,300000,139,44.22332780541736,143.14575692963754,0.37382716049382714,0.720952380952381,Sensitive to assumptions - ranges from headroom to saturated
77,"Indianapolis, IN",IN,231,78195.0,19200.0,52957.95,7482.720024225,2621.418525,1715.3926388372001,6000.0,11819.531188062201,35138.4188119378,50.02879078694818,72.20779220779221,1563,627,880000,407,44.22332780541737,143.14575692963754,0.13156565656565658,0.25373376623376626,Sensitive to assumptions - ranges from headroom to saturated
78,"St. Louis, MO",MO,231,78195.0,18600.0,53557.95,7567.497324225,3186.6980249999997,1768.9233284371999,6000.0,12523.1186776622,35034.8313223378,50.02879078694818,72.20779220779221,1563,627,285000,132,44.22332780541737,143.1457569296375,0.40623781676413256,0.7834586466165413,Sensitive to assumptions - ranges from headroom to saturated
79,"Greensboro, NC",NC,238,76542.0,18000.0,52449.53999999998,7410.883979069997,2360.229299999999,1670.0334090046379,6000.0,11441.146688074634,35008.39331192534,47.68971962616823,72.04481792717087,1605,648,300000,139,44.22332780541736,143.14575692963754,0.3962962962962963,0.7642857142857143,Sensitive to assumptions - ranges from headroom to saturated
80,"Winston-Salem, NC",NC,238,76542.0,18000.0,52449.53999999998,7410.883979069997,2360.229299999999,1670.0334090046379,6000.0,11441.146688074634,35008.39331192534,47.68971962616823,72.04481792717087,1605,648,250000,116,44.223327805417355,143.1457569296375,0.47555555555555556,0.9171428571428571,Sensitive to assumptions - ranges from headroom to saturated
81,"Memphis, TN",TN,238,72036.0,16800.0,49278.72,6962.861381760001,0.0,1431.7831447296003,6000.0,8394.644526489601,34884.075473510406,44.882242990654206,72.04481792717087,1605,648,620000,287,44.22332780541737,143.14575692963757,0.1917562724014337,0.36981566820276496,Sensitive to assumptions - ranges from headroom to saturated
82,"Laredo, TX",TX,245,71084.0,15600.0,49157.479999999996,6945.730715339999,0.0,1422.7691713863996,6000.0,8368.499886726398,34788.9801132736,40.002250984805855,77.36961451247166,1777,711,255000,167,62.52971281542846,202.40139120559087,0.5161946259985476,0.9955182072829132,Sensitive to assumptions - ranges from headroom to saturated
83,"El Paso, TX",TX,245,71084.0,16200.0,48557.479999999996,6860.953415339999,0.0,1378.1602633863997,6000.0,8239.113678726399,34318.36632127359,40.002250984805855,77.36961451247166,1777,711,680000,445,62.52971281542846,202.40139120559087,0.19357298474945533,0.37331932773109244,Sensitive to assumptions - ranges from headroom to saturated
84,"Milwaukee, WI",WI,226,75935.0,19200.0,50870.75,7187.808056624999,2696.14975,1550.1476777350001,6000.0,11434.10548436,33436.64451564,50.1552179656539,71.64208456243854,1514,615,560000,259,44.22332780541737,143.14575692963757,0.20026455026455028,0.38622448979591834,Sensitive to assumptions - ranges from headroom to saturated
85,"Louisville, KY",KY,231,75538.0,18000.0,51525.06,7280.259115229999,3452.17902,1598.7944353908,6000.0,12331.2325706208,33193.82742937919,47.718256475047376,73.24675324675324,1583,641,625000,289,44.22332780541736,143.14575692963754,0.18761481481481482,0.3618285714285714,Sensitive to assumptions - ranges from headroom to saturated
86,"Lexington, KY",KY,231,75538.0,18000.0,51525.06,7280.259115229999,3477.94155,1598.7944353908,6000.0,12356.9951006208,33168.06489937919,47.718256475047376,73.24675324675324,1583,641,320000,148,44.22332780541737,143.14575692963754,0.3664351851851852,0.7066964285714286,Sensitive to assumptions - ranges from headroom to saturated
87,"Albuquerque, NM",NM,238,73332.0,17400.0,49935.84,7055.709480719999,2446.85616,1480.6388207711998,6000.0,10983.204461491197,32952.635538508795,45.68971962616823,72.04481792717087,1605,648,560000,259,44.22332780541737,143.14575692963757,0.2123015873015873,0.409438775510204,Sensitive to assumptions - ranges from headroom to saturated
88,"Buffalo, NY",NY,221,73566.0,18000.0,49711.42,7023.99994461,3231.2423,1463.9536022156,6000.0,11719.1958468256,31992.2241531744,47.615533980582526,74.59024635495224,1545,619,275000,127,44.22332780541736,143.14575692963754,0.4161616161616161,0.8025974025974026,Sensitive to assumptions - ranges from headroom to saturated
89,"Cleveland, OH",OH,226,72292.0,18000.0,48537.03999999999,6858.065335319999,2548.1945999999994,1376.6405865871993,6000.0,10782.900521907199,31754.139478092795,47.74900924702774,71.64208456243854,1514,615,365000,169,44.22332780541736,143.1457569296375,0.30725520040588533,0.5925636007827788,Sensitive to assumptions - ranges from headroom to saturated
90,"Des Moines, IA",IA,226,72268.0,18000.0,48515.15999999999,6854.973789779998,2765.3641199999993,1375.0138484087995,6000.0,10995.351758188797,31519.808241811188,47.7331571994716,71.62241887905606,1514,614,215000,99,44.22332780541737,143.14575692963757,0.521619293712317,1.0059800664451828,Sensitive to assumptions - ranges from headroom to saturated
91,"Oklahoma City, OK",OK,236,70557.0,16800.0,47872.88999999999,6764.223928994999,2273.962275,1327.2622428401996,6000.0,10365.448446835198,31507.44155316479,44.20864661654135,72.14689265536724,1596,639,690000,319,44.22332780541736,143.1457569296375,0.1713365539452496,0.3304347826086957,Sensitive to assumptions - ranges from headroom to saturated
92,"Tulsa, OK",OK,236,70557.0,16800.0,47872.88999999999,6764.223928994999,2273.962275,1327.2622428401996,6000.0,10365.448446835198,31507.44155316479,44.20864661654135,72.14689265536724,1596,639,410000,190,44.22332780541736,143.1457569296375,0.2883468834688347,0.5560975609756097,Sensitive to assumptions - ranges from headroom to saturated
93,"Omaha, NE",NE,226,72268.0,18000.0,48515.15999999999,6854.973789779998,2833.2853439999994,1375.0138484087995,6000.0,11063.272982188797,31451.88701781119,47.7331571994716,71.62241887905606,1514,614,485000,224,44.22332780541736,143.14575692963754,0.23123329515082092,0.44594992636229747,Sensitive to assumptions - ranges from headroom to saturated
94,"Fort Wayne, IN",IN,231,69126.0,16800.0,46561.02,6578.862601409999,2095.2459,1229.7270959435998,6000.0,9903.835597353598,30657.184402646395,44.226487523992326,72.20779220779221,1563,627,265000,123,44.22332780541736,143.14575692963754,0.43689727463312367,0.8425876010781671,Sensitive to assumptions - ranges from headroom to saturated
95,"Lincoln, NE",NE,226,68012.0,17400.0,44986.84,6356.438051219999,2627.231456,1112.6896779511997,6000.0,10096.359185171197,28890.480814828792,44.9220607661823,71.62241887905606,1514,614,290000,134,44.22332780541737,143.14575692963754,0.3867177522349936,0.7458128078817734,Sensitive to assumptions - ranges from headroom to saturated
96,"Wichita, KS",KS,231,66309.0,16200.0,44428.52999999999,6277.551360614998,2532.4262099999996,1071.1803455753998,6000.0,9881.157916190397,28547.372083809598,42.424184261036466,72.20779220779221,1563,627,400000,185,44.22332780541736,143.14575692963754,0.28944444444444445,0.5582142857142858,Sensitive to assumptions - ranges from headroom to saturated
97,"Toledo, OH",OH,226,64370.0,16200.0,42654.09999999999,6026.832386549998,2239.3402499999993,939.2547045379994,6000.0,9205.427341087996,27448.672658911993,42.51651254953765,71.62241887905606,1514,614,265000,123,44.22332780541736,143.14575692963754,0.4232005590496157,0.8161725067385445,Sensitive to assumptions - ranges from headroom to saturated
